Workbook

Sheet README
A1: Dreamland Arcade — Loyalty Points Tracking Sheet
A2: Each tier has its own Registry and its own Transaction Log, since each tier is a different physical card.
A5: 1. New member walks in | B5: Give them a Qualifier card. Add one row for them on the 'Qualifier Registry' tab: Card ID, Member Name, Contact Number, Date Registered.
A6: 2. Every purchase gets logged on the matching tab | B6: If they're holding a Qualifier card, log the sale on 'Qualifier Log'. Silver card holder, log it on 'Silver Log'. And so on. Enter Date, Card ID, Package Purchased, and Staff/Cashier. Everything else fills itself in.
A7: 3. Watch the 'Ready to Upgrade?' column | B7: It's the last column on every Registry tab. The moment a member's Total Points reaches the next tier's threshold, it tells you which new card to issue.
A8: 4. Issuing a new card (tier upgrade) | B8: Print/hand over the new tier's card with a NEW Card ID. Add a row for them on that tier's Registry tab, and fill in 'Previous Card ID' with their old card's ID. Their point total carries forward automatically. Mark the old card's Status as 'Upgraded' on its original Registry tab so it's clear that card is retired. Also mark 'Welcome Bonus Issued' once you hand over the one-time bonus tokens.
A9: 5. Discounts at the counter | B9: Each tier's Log tab already has that tier's discount % built in. It only applies when the purchase is ₱150 or more, columns H–J show whether it qualifies, the peso discount, and the final amount to collect.
A11: Suggested Card ID format | B11: So IDs never collide across tiers, prefix by tier: DLA-Q-000001 (Qualifier), DLA-S-000001 (Silver), DLA-G-000001 (Gold), DLA-B-000001 (Black). Not required, just makes them easier to tell apart at a glance.
A13: Color legend
A14: Yellow cells | B14: Type into these. Everything else is a formula, don't overwrite it.
A15: Blue text | B15: A number or value you typed in.
A16: Black text | B16: A formula. Leave it alone.
A18: Assumptions used in this sheet
A19: Tier thresholds | B19: Silver 1,000 pts / Gold 3,500 pts / Black 5,500 pts, from the Qualification Tiers table you sent. Your printed Silver card shows 600 instead of 1,000 — confirm which is correct and edit 'Reference Tables' cell B14 if needed.
A20: Points per package | B20: Fixed points per token package (1, 5, 10, 20, 30, or 50 tokens), taken from your Points Earning Rate table. It's not a straight per-peso rate. Add a row to 'Reference Tables' if you introduce a new package size.
A21: Points carry forward across cards | B21: A member's Total Points on a new tier's card = points already banked on their previous card + points earned on the new one. This only works if you fill in 'Previous Card ID' correctly when you register the upgraded card.
A22: Welcome bonus tokens | B22: One-time per tier, per the cards. This sheet never hands them out automatically, it only flags when one is due. A staff member still has to physically hand over the tokens and mark Y.

Sheet Reference Tables
A1: POINTS EARNING RATE — per token package purchased
A2: Token Package | B2: Cash Value (₱) | C2: Points Earned
A3: 1 Token | B3: 5 | C3: 1
A4: 5 Tokens | B4: 25 | C4: 1
A5: 10 Tokens | B5: 50 | C5: 5
A6: 20 Tokens | B6: 100 | C6: 10
A7: 30 Tokens | B7: 150 | C7: 15
A8: 50 Tokens | B8: 250 | C8: 20
A9: Source: Points Earning Rate table provided by RJ, Aug 2026.
A11: TIER QUALIFICATION
A12: Tier | B12: Points Required | C12: Discount % | D12: Welcome Bonus (Tokens, one-time)
A13: Qualifier | B13: 0 | C13: 0 | D13: 0
A14: Silver | B14: 1000 | C14: 0.05 | D14: 100
A15: Gold | B15: 3500 | C15: 0.1 | D15: 150
A16: Black | B16: 5500 | C16: 0.15 | D16: 250
A18: Note: Silver threshold here (1,000) is from the Qualification Tiers table you sent. Your printed Silver card shows 600 — confirm which is correct and edit B14 if needed.

Sheet Qualifier Registry
A1: Qualifier Registry
A2: Members currently holding a Qualifier card. Yellow = type it in.
A3: Card ID | B3: Member Name | C3: Contact Number | D3: Date Registered | E3: Points Earned (This Card) | F3: Total Points | G3: Status (Active/Upgraded) | H3: Ready to Upgrade?
A4: DLA-Q-000001 | B4: Juan Dela Cruz | C4: 0917-123-4567 | D4: 2026-01-15 | E4: =IF(A4="","",SUMIFS('Qualifier Log'!$F$4:$F$1000,'Qualifier Log'!$B$4:$B$1000,A4)) -> 10 | F4: =IF(A4="","",E4) -> 10 | G4: Upgraded | H4: =IF(A4="","",IF(F4>='Reference Tables'!$B$14,"Yes — issue Silver card","-")) -> -
E5: =IF(A5="","",SUMIFS('Qualifier Log'!$F$4:$F$1000,'Qualifier Log'!$B$4:$B$1000,A5)) | F5: =IF(A5="","",E5) | H5: =IF(A5="","",IF(F5>='Reference Tables'!$B$14,"Yes — issue Silver card","-"))
E6: =IF(A6="","",SUMIFS('Qualifier Log'!$F$4:$F$1000,'Qualifier Log'!$B$4:$B$1000,A6)) | F6: =IF(A6="","",E6) | H6: =IF(A6="","",IF(F6>='Reference Tables'!$B$14,"Yes — issue Silver card","-"))
E7: =IF(A7="","",SUMIFS('Qualifier Log'!$F$4:$F$1000,'Qualifier Log'!$B$4:$B$1000,A7)) | F7: =IF(A7="","",E7) | H7: =IF(A7="","",IF(F7>='Reference Tables'!$B$14,"Yes — issue Silver card","-"))
E8: =IF(A8="","",SUMIFS('Qualifier Log'!$F$4:$F$1000,'Qualifier Log'!$B$4:$B$1000,A8)) | F8: =IF(A8="","",E8) | H8: =IF(A8="","",IF(F8>='Reference Tables'!$B$14,"Yes — issue Silver card","-"))
E9: =IF(A9="","",SUMIFS('Qualifier Log'!$F$4:$F$1000,'Qualifier Log'!$B$4:$B$1000,A9)) | F9: =IF(A9="","",E9) | H9: =IF(A9="","",IF(F9>='Reference Tables'!$B$14,"Yes — issue Silver card","-"))
E10: =IF(A10="","",SUMIFS('Qualifier Log'!$F$4:$F$1000,'Qualifier Log'!$B$4:$B$1000,A10)) | F10: =IF(A10="","",E10) | H10: =IF(A10="","",IF(F10>='Reference Tables'!$B$14,"Yes — issue Silver card","-"))
E11: =IF(A11="","",SUMIFS('Qualifier Log'!$F$4:$F$1000,'Qualifier Log'!$B$4:$B$1000,A11)) | F11: =IF(A11="","",E11) | H11: =IF(A11="","",IF(F11>='Reference Tables'!$B$14,"Yes — issue Silver card","-"))
E12: =IF(A12="","",SUMIFS('Qualifier Log'!$F$4:$F$1000,'Qualifier Log'!$B$4:$B$1000,A12)) | F12: =IF(A12="","",E12) | H12: =IF(A12="","",IF(F12>='Reference Tables'!$B$14,"Yes — issue Silver card","-"))
E13: =IF(A13="","",SUMIFS('Qualifier Log'!$F$4:$F$1000,'Qualifier Log'!$B$4:$B$1000,A13)) | F13: =IF(A13="","",E13) | H13: =IF(A13="","",IF(F13>='Reference Tables'!$B$14,"Yes — issue Silver card","-"))
E14: =IF(A14="","",SUMIFS('Qualifier Log'!$F$4:$F$1000,'Qualifier Log'!$B$4:$B$1000,A14)) | F14: =IF(A14="","",E14) | H14: =IF(A14="","",IF(F14>='Reference Tables'!$B$14,"Yes — issue Silver card","-"))
E15: =IF(A15="","",SUMIFS('Qualifier Log'!$F$4:$F$1000,'Qualifier Log'!$B$4:$B$1000,A15)) | F15: =IF(A15="","",E15) | H15: =IF(A15="","",IF(F15>='Reference Tables'!$B$14,"Yes — issue Silver card","-"))
E16: =IF(A16="","",SUMIFS('Qualifier Log'!$F$4:$F$1000,'Qualifier Log'!$B$4:$B$1000,A16)) | F16: =IF(A16="","",E16) | H16: =IF(A16="","",IF(F16>='Reference Tables'!$B$14,"Yes — issue Silver card","-"))
... E103: =IF(A103="","",SUMIFS('Qualifier Log'!$F$4:$F$1000,'Qualifier Log'!$B$4:$B$1000,A103)) | F103: =IF(A103="","",E103) | H103: =IF(A103="","",IF(F103>='Reference Tables'!$B$14,"Yes — issue Silver card","-"))

Sheet Qualifier Log
A1: Qualifier Transaction Log
A2: Every token purchase made by a Qualifier card holder. Yellow = type it in.
A3: Date | B3: Card ID | C3: Member Name | D3: Package Purchased | E3: Cash Value (₱) | F3: Points Earned | G3: Discount % | H3: Discount Eligible (₱150+) | I3: Discount Amount (₱) | J3: Amount to Collect (₱) | K3: Staff / Cashier | L3: Notes
A4: 2026-08-10 | B4: DLA-Q-000001 | C4: =IF(B4="","",IFERROR(INDEX('Qualifier Registry'!$B$4:$B$103,MATCH(B4,'Qualifier Registry'!$A$4:$A$103,0)),"Not found")) -> Juan Dela Cruz | D4: 20 Tokens | E4: =IF(D4="","",IFERROR(INDEX('Reference Tables'!$B$3:$B$8,MATCH(D4,'Reference Tables'!$A$3:$A$8,0)),"Invalid package")) -> 100 | F4: =IF(D4="","",IFERROR(INDEX('Reference Tables'!$C$3:$C$8,MATCH(D4,'Reference Tables'!$A$3:$A$8,0)),"Invalid package")) -> 10 | G4: =IF(E4="","",'Reference Tables'!$C$13) -> 0 | H4: =IF(E4="","",IF(E4>=150,"Yes","No")) -> No | I4: =IF(E4="","",IF(H4="Yes",E4*G4,0)) -> 0 | J4: =IF(E4="","",E4-I4) -> 100 | K4: Anne | L4: Example entry
C5: =IF(B5="","",IFERROR(INDEX('Qualifier Registry'!$B$4:$B$103,MATCH(B5,'Qualifier Registry'!$A$4:$A$103,0)),"Not found")) | E5: =IF(D5="","",IFERROR(INDEX('Reference Tables'!$B$3:$B$8,MATCH(D5,'Reference Tables'!$A$3:$A$8,0)),"Invalid package")) | F5: =IF(D5="","",IFERROR(INDEX('Reference Tables'!$C$3:$C$8,MATCH(D5,'Reference Tables'!$A$3:$A$8,0)),"Invalid package")) | G5: =IF(E5="","",'Reference Tables'!$C$13) | H5: =IF(E5="","",IF(E5>=150,"Yes","No")) | I5: =IF(E5="","",IF(H5="Yes",E5*G5,0)) | J5: =IF(E5="","",E5-I5)
C6: =IF(B6="","",IFERROR(INDEX('Qualifier Registry'!$B$4:$B$103,MATCH(B6,'Qualifier Registry'!$A$4:$A$103,0)),"Not found")) | E6: =IF(D6="","",IFERROR(INDEX('Reference Tables'!$B$3:$B$8,MATCH(D6,'Reference Tables'!$A$3:$A$8,0)),"Invalid package")) | F6: =IF(D6="","",IFERROR(INDEX('Reference Tables'!$C$3:$C$8,MATCH(D6,'Reference Tables'!$A$3:$A$8,0)),"Invalid package")) | G6: =IF(E6="","",'Reference Tables'!$C$13) | H6: =IF(E6="","",IF(E6>=150,"Yes","No")) | I6: =IF(E6="","",IF(H6="Yes",E6*G6,0)) | J6: =IF(E6="","",E6-I6)
C7: =IF(B7="","",IFERROR(INDEX('Qualifier Registry'!$B$4:$B$103,MATCH(B7,'Qualifier Registry'!$A$4:$A$103,0)),"Not found")) | E7: =IF(D7="","",IFERROR(INDEX('Reference Tables'!$B$3:$B$8,MATCH(D7,'Reference Tables'!$A$3:$A$8,0)),"Invalid package")) | F7: =IF(D7="","",IFERROR(INDEX('Reference Tables'!$C$3:$C$8,MATCH(D7,'Reference Tables'!$A$3:$A$8,0)),"Invalid package")) | G7: =IF(E7="","",'Reference Tables'!$C$13) | H7: =IF(E7="","",IF(E7>=150,"Yes","No")) | I7: =IF(E7="","",IF(H7="Yes",E7*G7,0)) | J7: =IF(E7="","",E7-I7)
C8: =IF(B8="","",IFERROR(INDEX('Qualifier Registry'!$B$4:$B$103,MATCH(B8,'Qualifier Registry'!$A$4:$A$103,0)),"Not found")) | E8: =IF(D8="","",IFERROR(INDEX('Reference Tables'!$B$3:$B$8,MATCH(D8,'Reference Tables'!$A$3:$A$8,0)),"Invalid package")) | F8: =IF(D8="","",IFERROR(INDEX('Reference Tables'!$C$3:$C$8,MATCH(D8,'Reference Tables'!$A$3:$A$8,0)),"Invalid package")) | G8: =IF(E8="","",'Reference Tables'!$C$13) | H8: =IF(E8="","",IF(E8>=150,"Yes","No")) | I8: =IF(E8="","",IF(H8="Yes",E8*G8,0)) | J8: =IF(E8="","",E8-I8)
C9: =IF(B9="","",IFERROR(INDEX('Qualifier Registry'!$B$4:$B$103,MATCH(B9,'Qualifier Registry'!$A$4:$A$103,0)),"Not found")) | E9: =IF(D9="","",IFERROR(INDEX('Reference Tables'!$B$3:$B$8,MATCH(D9,'Reference Tables'!$A$3:$A$8,0)),"Invalid package")) | F9: =IF(D9="","",IFERROR(INDEX('Reference Tables'!$C$3:$C$8,MATCH(D9,'Reference Tables'!$A$3:$A$8,0)),"Invalid package")) | G9: =IF(E9="","",'Reference Tables'!$C$13) | H9: =IF(E9="","",IF(E9>=150,"Yes","No")) | I9: =IF(E9="","",IF(H9="Yes",E9*G9,0)) | J9: =IF(E9="","",E9-I9)
C10: =IF(B10="","",IFERROR(INDEX('Qualifier Registry'!$B$4:$B$103,MATCH(B10,'Qualifier Registry'!$A$4:$A$103,0)),"Not found")) | E10: =IF(D10="","",IFERROR(INDEX('Reference Tables'!$B$3:$B$8,MATCH(D10,'Reference Tables'!$A$3:$A$8,0)),"Invalid package")) | F10: =IF(D10="","",IFERROR(INDEX('Reference Tables'!$C$3:$C$8,MATCH(D10,'Reference Tables'!$A$3:$A$8,0)),"Invalid package")) | G10: =IF(E10="","",'Reference Tables'!$C$13) | H10: =IF(E10="","",IF(E10>=150,"Yes","No")) | I10: =IF(E10="","",IF(H10="Yes",E10*G10,0)) | J10: =IF(E10="","",E10-I10)
C11: =IF(B11="","",IFERROR(INDEX('Qualifier Registry'!$B$4:$B$103,MATCH(B11,'Qualifier Registry'!$A$4:$A$103,0)),"Not found")) | E11: =IF(D11="","",IFERROR(INDEX('Reference Tables'!$B$3:$B$8,MATCH(D11,'Reference Tables'!$A$3:$A$8,0)),"Invalid package")) | F11: =IF(D11="","",IFERROR(INDEX('Reference Tables'!$C$3:$C$8,MATCH(D11,'Reference Tables'!$A$3:$A$8,0)),"Invalid package")) | G11: =IF(E11="","",'Reference Tables'!$C$13) | H11: =IF(E11="","",IF(E11>=150,"Yes","No")) | I11: =IF(E11="","",IF(H11="Yes",E11*G11,0)) | J11: =IF(E11="","",E11-I11)
C12: =IF(B12="","",IFERROR(INDEX('Qualifier Registry'!$B$4:$B$103,MATCH(B12,'Qualifier Registry'!$A$4:$A$103,0)),"Not found")) | E12: =IF(D12="","",IFERROR(INDEX('Reference Tables'!$B$3:$B$8,MATCH(D12,'Reference Tables'!$A$3:$A$8,0)),"Invalid package")) | F12: =IF(D12="","",IFERROR(INDEX('Reference Tables'!$C$3:$C$8,MATCH(D12,'Reference Tables'!$A$3:$A$8,0)),"Invalid package")) | G12: =IF(E12="","",'Reference Tables'!$C$13) | H12: =IF(E12="","",IF(E12>=150,"Yes","No")) | I12: =IF(E12="","",IF(H12="Yes",E12*G12,0)) | J12: =IF(E12="","",E12-I12)
C13: =IF(B13="","",IFERROR(INDEX('Qualifier Registry'!$B$4:$B$103,MATCH(B13,'Qualifier Registry'!$A$4:$A$103,0)),"Not found")) | E13: =IF(D13="","",IFERROR(INDEX('Reference Tables'!$B$3:$B$8,MATCH(D13,'Reference Tables'!$A$3:$A$8,0)),"Invalid package")) | F13: =IF(D13="","",IFERROR(INDEX('Reference Tables'!$C$3:$C$8,MATCH(D13,'Reference Tables'!$A$3:$A$8,0)),"Invalid package")) | G13: =IF(E13="","",'Reference Tables'!$C$13) | H13: =IF(E13="","",IF(E13>=150,"Yes","No")) | I13: =IF(E13="","",IF(H13="Yes",E13*G13,0)) | J13: =IF(E13="","",E13-I13)
C14: =IF(B14="","",IFERROR(INDEX('Qualifier Registry'!$B$4:$B$103,MATCH(B14,'Qualifier Registry'!$A$4:$A$103,0)),"Not found")) | E14: =IF(D14="","",IFERROR(INDEX('Reference Tables'!$B$3:$B$8,MATCH(D14,'Reference Tables'!$A$3:$A$8,0)),"Invalid package")) | F14: =IF(D14="","",IFERROR(INDEX('Reference Tables'!$C$3:$C$8,MATCH(D14,'Reference Tables'!$A$3:$A$8,0)),"Invalid package")) | G14: =IF(E14="","",'Reference Tables'!$C$13) | H14: =IF(E14="","",IF(E14>=150,"Yes","No")) | I14: =IF(E14="","",IF(H14="Yes",E14*G14,0)) | J14: =IF(E14="","",E14-I14)
C15: =IF(B15="","",IFERROR(INDEX('Qualifier Registry'!$B$4:$B$103,MATCH(B15,'Qualifier Registry'!$A$4:$A$103,0)),"Not found")) | E15: =IF(D15="","",IFERROR(INDEX('Reference Tables'!$B$3:$B$8,MATCH(D15,'Reference Tables'!$A$3:$A$8,0)),"Invalid package")) | F15: =IF(D15="","",IFERROR(INDEX('Reference Tables'!$C$3:$C$8,MATCH(D15,'Reference Tables'!$A$3:$A$8,0)),"Invalid package")) | G15: =IF(E15="","",'Reference Tables'!$C$13) | H15: =IF(E15="","",IF(E15>=150,"Yes","No")) | I15: =IF(E15="","",IF(H15="Yes",E15*G15,0)) | J15: =IF(E15="","",E15-I15)
C16: =IF(B16="","",IFERROR(INDEX('Qualifier Registry'!$B$4:$B$103,MATCH(B16,'Qualifier Registry'!$A$4:$A$103,0)),"Not found")) | E16: =IF(D16="","",IFERROR(INDEX('Reference Tables'!$B$3:$B$8,MATCH(D16,'Reference Tables'!$A$3:$A$8,0)),"Invalid package")) | F16: =IF(D16="","",IFERROR(INDEX('Reference Tables'!$C$3:$C$8,MATCH(D16,'Reference Tables'!$A$3:$A$8,0)),"Invalid package")) | G16: =IF(E16="","",'Reference Tables'!$C$13) | H16: =IF(E16="","",IF(E16>=150,"Yes","No")) | I16: =IF(E16="","",IF(H16="Yes",E16*G16,0)) | J16: =IF(E16="","",E16-I16)
... C253: =IF(B253="","",IFERROR(INDEX('Qualifier Registry'!$B$4:$B$103,MATCH(B253,'Qualifier Registry'!$A$4:$A$103,0)),"Not found")) | E253: =IF(D253="","",IFERROR(INDEX('Reference Tables'!$B$3:$B$8,MATCH(D253,'Reference Tables'!$A$3:$A$8,0)),"Invalid package")) | F253: =IF(D253="","",IFERROR(INDEX('Reference Tables'!$C$3:$C$8,MATCH(D253,'Reference Tables'!$A$3:$A$8,0)),"Invalid package")) | G253: =IF(E253="","",'Reference Tables'!$C$13) | H253: =IF(E253="","",IF(E253>=150,"Yes","No")) | I253: =IF(E253="","",IF(H253="Yes",E253*G253,0)) | J253: =IF(E253="","",E253-I253)

Sheet Silver Registry
A1: Silver Registry
A2: Members currently holding a Silver card. Yellow = type it in.
A3: Card ID | B3: Member Name | C3: Contact Number | D3: Date Registered | E3: Previous Card ID | F3: Points Carried Over | G3: Points Earned (This Card) | H3: Total Points | I3: Welcome Bonus Issued (Y/N) | J3: Status (Active/Upgraded) | K3: Ready to Upgrade?
A4: DLA-S-000001 | B4: Juan Dela Cruz | C4: 0917-123-4567 | D4: 2026-01-15 | E4: DLA-Q-000001 | F4: =IF(E4="",0,IFERROR(INDEX('Qualifier Registry'!$F$4:$F$103,MATCH(E4,'Qualifier Registry'!$A$4:$A$103,0)),0)) -> 10 | G4: =IF(A4="","",SUMIFS('Silver Log'!$F$4:$F$1000,'Silver Log'!$B$4:$B$1000,A4)) -> 10 | H4: =IF(A4="","",F4+G4) -> 20 | I4: N | J4: Upgraded | K4: =IF(A4="","",IF(H4>='Reference Tables'!$B$15,"Yes — issue Gold card","-")) -> -
F5: =IF(E5="",0,IFERROR(INDEX('Qualifier Registry'!$F$4:$F$103,MATCH(E5,'Qualifier Registry'!$A$4:$A$103,0)),0)) -> 0 | G5: =IF(A5="","",SUMIFS('Silver Log'!$F$4:$F$1000,'Silver Log'!$B$4:$B$1000,A5)) | H5: =IF(A5="","",F5+G5) | K5: =IF(A5="","",IF(H5>='Reference Tables'!$B$15,"Yes — issue Gold card","-"))
F6: =IF(E6="",0,IFERROR(INDEX('Qualifier Registry'!$F$4:$F$103,MATCH(E6,'Qualifier Registry'!$A$4:$A$103,0)),0)) -> 0 | G6: =IF(A6="","",SUMIFS('Silver Log'!$F$4:$F$1000,'Silver Log'!$B$4:$B$1000,A6)) | H6: =IF(A6="","",F6+G6) | K6: =IF(A6="","",IF(H6>='Reference Tables'!$B$15,"Yes — issue Gold card","-"))
F7: =IF(E7="",0,IFERROR(INDEX('Qualifier Registry'!$F$4:$F$103,MATCH(E7,'Qualifier Registry'!$A$4:$A$103,0)),0)) -> 0 | G7: =IF(A7="","",SUMIFS('Silver Log'!$F$4:$F$1000,'Silver Log'!$B$4:$B$1000,A7)) | H7: =IF(A7="","",F7+G7) | K7: =IF(A7="","",IF(H7>='Reference Tables'!$B$15,"Yes — issue Gold card","-"))
F8: =IF(E8="",0,IFERROR(INDEX('Qualifier Registry'!$F$4:$F$103,MATCH(E8,'Qualifier Registry'!$A$4:$A$103,0)),0)) -> 0 | G8: =IF(A8="","",SUMIFS('Silver Log'!$F$4:$F$1000,'Silver Log'!$B$4:$B$1000,A8)) | H8: =IF(A8="","",F8+G8) | K8: =IF(A8="","",IF(H8>='Reference Tables'!$B$15,"Yes — issue Gold card","-"))
F9: =IF(E9="",0,IFERROR(INDEX('Qualifier Registry'!$F$4:$F$103,MATCH(E9,'Qualifier Registry'!$A$4:$A$103,0)),0)) -> 0 | G9: =IF(A9="","",SUMIFS('Silver Log'!$F$4:$F$1000,'Silver Log'!$B$4:$B$1000,A9)) | H9: =IF(A9="","",F9+G9) | K9: =IF(A9="","",IF(H9>='Reference Tables'!$B$15,"Yes — issue Gold card","-"))
F10: =IF(E10="",0,IFERROR(INDEX('Qualifier Registry'!$F$4:$F$103,MATCH(E10,'Qualifier Registry'!$A$4:$A$103,0)),0)) -> 0 | G10: =IF(A10="","",SUMIFS('Silver Log'!$F$4:$F$1000,'Silver Log'!$B$4:$B$1000,A10)) | H10: =IF(A10="","",F10+G10) | K10: =IF(A10="","",IF(H10>='Reference Tables'!$B$15,"Yes — issue Gold card","-"))
F11: =IF(E11="",0,IFERROR(INDEX('Qualifier Registry'!$F$4:$F$103,MATCH(E11,'Qualifier Registry'!$A$4:$A$103,0)),0)) -> 0 | G11: =IF(A11="","",SUMIFS('Silver Log'!$F$4:$F$1000,'Silver Log'!$B$4:$B$1000,A11)) | H11: =IF(A11="","",F11+G11) | K11: =IF(A11="","",IF(H11>='Reference Tables'!$B$15,"Yes — issue Gold card","-"))
F12: =IF(E12="",0,IFERROR(INDEX('Qualifier Registry'!$F$4:$F$103,MATCH(E12,'Qualifier Registry'!$A$4:$A$103,0)),0)) -> 0 | G12: =IF(A12="","",SUMIFS('Silver Log'!$F$4:$F$1000,'Silver Log'!$B$4:$B$1000,A12)) | H12: =IF(A12="","",F12+G12) | K12: =IF(A12="","",IF(H12>='Reference Tables'!$B$15,"Yes — issue Gold card","-"))
F13: =IF(E13="",0,IFERROR(INDEX('Qualifier Registry'!$F$4:$F$103,MATCH(E13,'Qualifier Registry'!$A$4:$A$103,0)),0)) -> 0 | G13: =IF(A13="","",SUMIFS('Silver Log'!$F$4:$F$1000,'Silver Log'!$B$4:$B$1000,A13)) | H13: =IF(A13="","",F13+G13) | K13: =IF(A13="","",IF(H13>='Reference Tables'!$B$15,"Yes — issue Gold card","-"))
F14: =IF(E14="",0,IFERROR(INDEX('Qualifier Registry'!$F$4:$F$103,MATCH(E14,'Qualifier Registry'!$A$4:$A$103,0)),0)) -> 0 | G14: =IF(A14="","",SUMIFS('Silver Log'!$F$4:$F$1000,'Silver Log'!$B$4:$B$1000,A14)) | H14: =IF(A14="","",F14+G14) | K14: =IF(A14="","",IF(H14>='Reference Tables'!$B$15,"Yes — issue Gold card","-"))
F15: =IF(E15="",0,IFERROR(INDEX('Qualifier Registry'!$F$4:$F$103,MATCH(E15,'Qualifier Registry'!$A$4:$A$103,0)),0)) -> 0 | G15: =IF(A15="","",SUMIFS('Silver Log'!$F$4:$F$1000,'Silver Log'!$B$4:$B$1000,A15)) | H15: =IF(A15="","",F15+G15) | K15: =IF(A15="","",IF(H15>='Reference Tables'!$B$15,"Yes — issue Gold card","-"))
F16: =IF(E16="",0,IFERROR(INDEX('Qualifier Registry'!$F$4:$F$103,MATCH(E16,'Qualifier Registry'!$A$4:$A$103,0)),0)) -> 0 | G16: =IF(A16="","",SUMIFS('Silver Log'!$F$4:$F$1000,'Silver Log'!$B$4:$B$1000,A16)) | H16: =IF(A16="","",F16+G16) | K16: =IF(A16="","",IF(H16>='Reference Tables'!$B$15,"Yes — issue Gold card","-"))
... F103: =IF(E103="",0,IFERROR(INDEX('Qualifier Registry'!$F$4:$F$103,MATCH(E103,'Qualifier Registry'!$A$4:$A$103,0)),0)) -> 0 | G103: =IF(A103="","",SUMIFS('Silver Log'!$F$4:$F$1000,'Silver Log'!$B$4:$B$1000,A103)) | H103: =IF(A103="","",F103+G103) | K103: =IF(A103="","",IF(H103>='Reference Tables'!$B$15,"Yes — issue Gold card","-"))

Sheet Silver Log
A1: Silver Transaction Log
A2: Every token purchase made by a Silver card holder. Yellow = type it in.
A3: Date | B3: Card ID | C3: Member Name | D3: Package Purchased | E3: Cash Value (₱) | F3: Points Earned | G3: Discount % | H3: Discount Eligible (₱150+) | I3: Discount Amount (₱) | J3: Amount to Collect (₱) | K3: Staff / Cashier | L3: Notes
A4: 2026-08-10 | B4: DLA-S-000001 | C4: =IF(B4="","",IFERROR(INDEX('Silver Registry'!$B$4:$B$103,MATCH(B4,'Silver Registry'!$A$4:$A$103,0)),"Not found")) -> Juan Dela Cruz | D4: 20 Tokens | E4: =IF(D4="","",IFERROR(INDEX('Reference Tables'!$B$3:$B$8,MATCH(D4,'Reference Tables'!$A$3:$A$8,0)),"Invalid package")) -> 100 | F4: =IF(D4="","",IFERROR(INDEX('Reference Tables'!$C$3:$C$8,MATCH(D4,'Reference Tables'!$A$3:$A$8,0)),"Invalid package")) -> 10 | G4: =IF(E4="","",'Reference Tables'!$C$14) -> 0.05 | H4: =IF(E4="","",IF(E4>=150,"Yes","No")) -> No | I4: =IF(E4="","",IF(H4="Yes",E4*G4,0)) -> 0 | J4: =IF(E4="","",E4-I4) -> 100 | K4: Anne | L4: Example entry
C5: =IF(B5="","",IFERROR(INDEX('Silver Registry'!$B$4:$B$103,MATCH(B5,'Silver Registry'!$A$4:$A$103,0)),"Not found")) | E5: =IF(D5="","",IFERROR(INDEX('Reference Tables'!$B$3:$B$8,MATCH(D5,'Reference Tables'!$A$3:$A$8,0)),"Invalid package")) | F5: =IF(D5="","",IFERROR(INDEX('Reference Tables'!$C$3:$C$8,MATCH(D5,'Reference Tables'!$A$3:$A$8,0)),"Invalid package")) | G5: =IF(E5="","",'Reference Tables'!$C$14) | H5: =IF(E5="","",IF(E5>=150,"Yes","No")) | I5: =IF(E5="","",IF(H5="Yes",E5*G5,0)) | J5: =IF(E5="","",E5-I5)
C6: =IF(B6="","",IFERROR(INDEX('Silver Registry'!$B$4:$B$103,MATCH(B6,'Silver Registry'!$A$4:$A$103,0)),"Not found")) | E6: =IF(D6="","",IFERROR(INDEX('Reference Tables'!$B$3:$B$8,MATCH(D6,'Reference Tables'!$A$3:$A$8,0)),"Invalid package")) | F6: =IF(D6="","",IFERROR(INDEX('Reference Tables'!$C$3:$C$8,MATCH(D6,'Reference Tables'!$A$3:$A$8,0)),"Invalid package")) | G6: =IF(E6="","",'Reference Tables'!$C$14) | H6: =IF(E6="","",IF(E6>=150,"Yes","No")) | I6: =IF(E6="","",IF(H6="Yes",E6*G6,0)) | J6: =IF(E6="","",E6-I6)
C7: =IF(B7="","",IFERROR(INDEX('Silver Registry'!$B$4:$B$103,MATCH(B7,'Silver Registry'!$A$4:$A$103,0)),"Not found")) | E7: =IF(D7="","",IFERROR(INDEX('Reference Tables'!$B$3:$B$8,MATCH(D7,'Reference Tables'!$A$3:$A$8,0)),"Invalid package")) | F7: =IF(D7="","",IFERROR(INDEX('Reference Tables'!$C$3:$C$8,MATCH(D7,'Reference Tables'!$A$3:$A$8,0)),"Invalid package")) | G7: =IF(E7="","",'Reference Tables'!$C$14) | H7: =IF(E7="","",IF(E7>=150,"Yes","No")) | I7: =IF(E7="","",IF(H7="Yes",E7*G7,0)) | J7: =IF(E7="","",E7-I7)
C8: =IF(B8="","",IFERROR(INDEX('Silver Registry'!$B$4:$B$103,MATCH(B8,'Silver Registry'!$A$4:$A$103,0)),"Not found")) | E8: =IF(D8="","",IFERROR(INDEX('Reference Tables'!$B$3:$B$8,MATCH(D8,'Reference Tables'!$A$3:$A$8,0)),"Invalid package")) | F8: =IF(D8="","",IFERROR(INDEX('Reference Tables'!$C$3:$C$8,MATCH(D8,'Reference Tables'!$A$3:$A$8,0)),"Invalid package")) | G8: =IF(E8="","",'Reference Tables'!$C$14) | H8: =IF(E8="","",IF(E8>=150,"Yes","No")) | I8: =IF(E8="","",IF(H8="Yes",E8*G8,0)) | J8: =IF(E8="","",E8-I8)
C9: =IF(B9="","",IFERROR(INDEX('Silver Registry'!$B$4:$B$103,MATCH(B9,'Silver Registry'!$A$4:$A$103,0)),"Not found")) | E9: =IF(D9="","",IFERROR(INDEX('Reference Tables'!$B$3:$B$8,MATCH(D9,'Reference Tables'!$A$3:$A$8,0)),"Invalid package")) | F9: =IF(D9="","",IFERROR(INDEX('Reference Tables'!$C$3:$C$8,MATCH(D9,'Reference Tables'!$A$3:$A$8,0)),"Invalid package")) | G9: =IF(E9="","",'Reference Tables'!$C$14) | H9: =IF(E9="","",IF(E9>=150,"Yes","No")) | I9: =IF(E9="","",IF(H9="Yes",E9*G9,0)) | J9: =IF(E9="","",E9-I9)
C10: =IF(B10="","",IFERROR(INDEX('Silver Registry'!$B$4:$B$103,MATCH(B10,'Silver Registry'!$A$4:$A$103,0)),"Not found")) | E10: =IF(D10="","",IFERROR(INDEX('Reference Tables'!$B$3:$B$8,MATCH(D10,'Reference Tables'!$A$3:$A$8,0)),"Invalid package")) | F10: =IF(D10="","",IFERROR(INDEX('Reference Tables'!$C$3:$C$8,MATCH(D10,'Reference Tables'!$A$3:$A$8,0)),"Invalid package")) | G10: =IF(E10="","",'Reference Tables'!$C$14) | H10: =IF(E10="","",IF(E10>=150,"Yes","No")) | I10: =IF(E10="","",IF(H10="Yes",E10*G10,0)) | J10: =IF(E10="","",E10-I10)
C11: =IF(B11="","",IFERROR(INDEX('Silver Registry'!$B$4:$B$103,MATCH(B11,'Silver Registry'!$A$4:$A$103,0)),"Not found")) | E11: =IF(D11="","",IFERROR(INDEX('Reference Tables'!$B$3:$B$8,MATCH(D11,'Reference Tables'!$A$3:$A$8,0)),"Invalid package")) | F11: =IF(D11="","",IFERROR(INDEX('Reference Tables'!$C$3:$C$8,MATCH(D11,'Reference Tables'!$A$3:$A$8,0)),"Invalid package")) | G11: =IF(E11="","",'Reference Tables'!$C$14) | H11: =IF(E11="","",IF(E11>=150,"Yes","No")) | I11: =IF(E11="","",IF(H11="Yes",E11*G11,0)) | J11: =IF(E11="","",E11-I11)
C12: =IF(B12="","",IFERROR(INDEX('Silver Registry'!$B$4:$B$103,MATCH(B12,'Silver Registry'!$A$4:$A$103,0)),"Not found")) | E12: =IF(D12="","",IFERROR(INDEX('Reference Tables'!$B$3:$B$8,MATCH(D12,'Reference Tables'!$A$3:$A$8,0)),"Invalid package")) | F12: =IF(D12="","",IFERROR(INDEX('Reference Tables'!$C$3:$C$8,MATCH(D12,'Reference Tables'!$A$3:$A$8,0)),"Invalid package")) | G12: =IF(E12="","",'Reference Tables'!$C$14) | H12: =IF(E12="","",IF(E12>=150,"Yes","No")) | I12: =IF(E12="","",IF(H12="Yes",E12*G12,0)) | J12: =IF(E12="","",E12-I12)
C13: =IF(B13="","",IFERROR(INDEX('Silver Registry'!$B$4:$B$103,MATCH(B13,'Silver Registry'!$A$4:$A$103,0)),"Not found")) | E13: =IF(D13="","",IFERROR(INDEX('Reference Tables'!$B$3:$B$8,MATCH(D13,'Reference Tables'!$A$3:$A$8,0)),"Invalid package")) | F13: =IF(D13="","",IFERROR(INDEX('Reference Tables'!$C$3:$C$8,MATCH(D13,'Reference Tables'!$A$3:$A$8,0)),"Invalid package")) | G13: =IF(E13="","",'Reference Tables'!$C$14) | H13: =IF(E13="","",IF(E13>=150,"Yes","No")) | I13: =IF(E13="","",IF(H13="Yes",E13*G13,0)) | J13: =IF(E13="","",E13-I13)
C14: =IF(B14="","",IFERROR(INDEX('Silver Registry'!$B$4:$B$103,MATCH(B14,'Silver Registry'!$A$4:$A$103,0)),"Not found")) | E14: =IF(D14="","",IFERROR(INDEX('Reference Tables'!$B$3:$B$8,MATCH(D14,'Reference Tables'!$A$3:$A$8,0)),"Invalid package")) | F14: =IF(D14="","",IFERROR(INDEX('Reference Tables'!$C$3:$C$8,MATCH(D14,'Reference Tables'!$A$3:$A$8,0)),"Invalid package")) | G14: =IF(E14="","",'Reference Tables'!$C$14) | H14: =IF(E14="","",IF(E14>=150,"Yes","No")) | I14: =IF(E14="","",IF(H14="Yes",E14*G14,0)) | J14: =IF(E14="","",E14-I14)
C15: =IF(B15="","",IFERROR(INDEX('Silver Registry'!$B$4:$B$103,MATCH(B15,'Silver Registry'!$A$4:$A$103,0)),"Not found")) | E15: =IF(D15="","",IFERROR(INDEX('Reference Tables'!$B$3:$B$8,MATCH(D15,'Reference Tables'!$A$3:$A$8,0)),"Invalid package")) | F15: =IF(D15="","",IFERROR(INDEX('Reference Tables'!$C$3:$C$8,MATCH(D15,'Reference Tables'!$A$3:$A$8,0)),"Invalid package")) | G15: =IF(E15="","",'Reference Tables'!$C$14) | H15: =IF(E15="","",IF(E15>=150,"Yes","No")) | I15: =IF(E15="","",IF(H15="Yes",E15*G15,0)) | J15: =IF(E15="","",E15-I15)
C16: =IF(B16="","",IFERROR(INDEX('Silver Registry'!$B$4:$B$103,MATCH(B16,'Silver Registry'!$A$4:$A$103,0)),"Not found")) | E16: =IF(D16="","",IFERROR(INDEX('Reference Tables'!$B$3:$B$8,MATCH(D16,'Reference Tables'!$A$3:$A$8,0)),"Invalid package")) | F16: =IF(D16="","",IFERROR(INDEX('Reference Tables'!$C$3:$C$8,MATCH(D16,'Reference Tables'!$A$3:$A$8,0)),"Invalid package")) | G16: =IF(E16="","",'Reference Tables'!$C$14) | H16: =IF(E16="","",IF(E16>=150,"Yes","No")) | I16: =IF(E16="","",IF(H16="Yes",E16*G16,0)) | J16: =IF(E16="","",E16-I16)
... C253: =IF(B253="","",IFERROR(INDEX('Silver Registry'!$B$4:$B$103,MATCH(B253,'Silver Registry'!$A$4:$A$103,0)),"Not found")) | E253: =IF(D253="","",IFERROR(INDEX('Reference Tables'!$B$3:$B$8,MATCH(D253,'Reference Tables'!$A$3:$A$8,0)),"Invalid package")) | F253: =IF(D253="","",IFERROR(INDEX('Reference Tables'!$C$3:$C$8,MATCH(D253,'Reference Tables'!$A$3:$A$8,0)),"Invalid package")) | G253: =IF(E253="","",'Reference Tables'!$C$14) | H253: =IF(E253="","",IF(E253>=150,"Yes","No")) | I253: =IF(E253="","",IF(H253="Yes",E253*G253,0)) | J253: =IF(E253="","",E253-I253)

Sheet Gold Registry
A1: Gold Registry
A2: Members currently holding a Gold card. Yellow = type it in.
A3: Card ID | B3: Member Name | C3: Contact Number | D3: Date Registered | E3: Previous Card ID | F3: Points Carried Over | G3: Points Earned (This Card) | H3: Total Points | I3: Welcome Bonus Issued (Y/N) | J3: Status (Active/Upgraded) | K3: Ready to Upgrade?
A4: DLA-G-000001 | B4: Juan Dela Cruz | C4: 0917-123-4567 | D4: 2026-01-15 | E4: DLA-S-000001 | F4: =IF(E4="",0,IFERROR(INDEX('Silver Registry'!$H$4:$H$103,MATCH(E4,'Silver Registry'!$A$4:$A$103,0)),0)) -> 20 | G4: =IF(A4="","",SUMIFS('Gold Log'!$F$4:$F$1000,'Gold Log'!$B$4:$B$1000,A4)) -> 10 | H4: =IF(A4="","",F4+G4) -> 30 | I4: N | J4: Upgraded | K4: =IF(A4="","",IF(H4>='Reference Tables'!$B$16,"Yes — issue Black card","-")) -> -
F5: =IF(E5="",0,IFERROR(INDEX('Silver Registry'!$H$4:$H$103,MATCH(E5,'Silver Registry'!$A$4:$A$103,0)),0)) -> 0 | G5: =IF(A5="","",SUMIFS('Gold Log'!$F$4:$F$1000,'Gold Log'!$B$4:$B$1000,A5)) | H5: =IF(A5="","",F5+G5) | K5: =IF(A5="","",IF(H5>='Reference Tables'!$B$16,"Yes — issue Black card","-"))
F6: =IF(E6="",0,IFERROR(INDEX('Silver Registry'!$H$4:$H$103,MATCH(E6,'Silver Registry'!$A$4:$A$103,0)),0)) -> 0 | G6: =IF(A6="","",SUMIFS('Gold Log'!$F$4:$F$1000,'Gold Log'!$B$4:$B$1000,A6)) | H6: =IF(A6="","",F6+G6) | K6: =IF(A6="","",IF(H6>='Reference Tables'!$B$16,"Yes — issue Black card","-"))
F7: =IF(E7="",0,IFERROR(INDEX('Silver Registry'!$H$4:$H$103,MATCH(E7,'Silver Registry'!$A$4:$A$103,0)),0)) -> 0 | G7: =IF(A7="","",SUMIFS('Gold Log'!$F$4:$F$1000,'Gold Log'!$B$4:$B$1000,A7)) | H7: =IF(A7="","",F7+G7) | K7: =IF(A7="","",IF(H7>='Reference Tables'!$B$16,"Yes — issue Black card","-"))
F8: =IF(E8="",0,IFERROR(INDEX('Silver Registry'!$H$4:$H$103,MATCH(E8,'Silver Registry'!$A$4:$A$103,0)),0)) -> 0 | G8: =IF(A8="","",SUMIFS('Gold Log'!$F$4:$F$1000,'Gold Log'!$B$4:$B$1000,A8)) | H8: =IF(A8="","",F8+G8) | K8: =IF(A8="","",IF(H8>='Reference Tables'!$B$16,"Yes — issue Black card","-"))
F9: =IF(E9="",0,IFERROR(INDEX('Silver Registry'!$H$4:$H$103,MATCH(E9,'Silver Registry'!$A$4:$A$103,0)),0)) -> 0 | G9: =IF(A9="","",SUMIFS('Gold Log'!$F$4:$F$1000,'Gold Log'!$B$4:$B$1000,A9)) | H9: =IF(A9="","",F9+G9) | K9: =IF(A9="","",IF(H9>='Reference Tables'!$B$16,"Yes — issue Black card","-"))
F10: =IF(E10="",0,IFERROR(INDEX('Silver Registry'!$H$4:$H$103,MATCH(E10,'Silver Registry'!$A$4:$A$103,0)),0)) -> 0 | G10: =IF(A10="","",SUMIFS('Gold Log'!$F$4:$F$1000,'Gold Log'!$B$4:$B$1000,A10)) | H10: =IF(A10="","",F10+G10) | K10: =IF(A10="","",IF(H10>='Reference Tables'!$B$16,"Yes — issue Black card","-"))
F11: =IF(E11="",0,IFERROR(INDEX('Silver Registry'!$H$4:$H$103,MATCH(E11,'Silver Registry'!$A$4:$A$103,0)),0)) -> 0 | G11: =IF(A11="","",SUMIFS('Gold Log'!$F$4:$F$1000,'Gold Log'!$B$4:$B$1000,A11)) | H11: =IF(A11="","",F11+G11) | K11: =IF(A11="","",IF(H11>='Reference Tables'!$B$16,"Yes — issue Black card","-"))
F12: =IF(E12="",0,IFERROR(INDEX('Silver Registry'!$H$4:$H$103,MATCH(E12,'Silver Registry'!$A$4:$A$103,0)),0)) -> 0 | G12: =IF(A12="","",SUMIFS('Gold Log'!$F$4:$F$1000,'Gold Log'!$B$4:$B$1000,A12)) | H12: =IF(A12="","",F12+G12) | K12: =IF(A12="","",IF(H12>='Reference Tables'!$B$16,"Yes — issue Black card","-"))
F13: =IF(E13="",0,IFERROR(INDEX('Silver Registry'!$H$4:$H$103,MATCH(E13,'Silver Registry'!$A$4:$A$103,0)),0)) -> 0 | G13: =IF(A13="","",SUMIFS('Gold Log'!$F$4:$F$1000,'Gold Log'!$B$4:$B$1000,A13)) | H13: =IF(A13="","",F13+G13) | K13: =IF(A13="","",IF(H13>='Reference Tables'!$B$16,"Yes — issue Black card","-"))
F14: =IF(E14="",0,IFERROR(INDEX('Silver Registry'!$H$4:$H$103,MATCH(E14,'Silver Registry'!$A$4:$A$103,0)),0)) -> 0 | G14: =IF(A14="","",SUMIFS('Gold Log'!$F$4:$F$1000,'Gold Log'!$B$4:$B$1000,A14)) | H14: =IF(A14="","",F14+G14) | K14: =IF(A14="","",IF(H14>='Reference Tables'!$B$16,"Yes — issue Black card","-"))
F15: =IF(E15="",0,IFERROR(INDEX('Silver Registry'!$H$4:$H$103,MATCH(E15,'Silver Registry'!$A$4:$A$103,0)),0)) -> 0 | G15: =IF(A15="","",SUMIFS('Gold Log'!$F$4:$F$1000,'Gold Log'!$B$4:$B$1000,A15)) | H15: =IF(A15="","",F15+G15) | K15: =IF(A15="","",IF(H15>='Reference Tables'!$B$16,"Yes — issue Black card","-"))
F16: =IF(E16="",0,IFERROR(INDEX('Silver Registry'!$H$4:$H$103,MATCH(E16,'Silver Registry'!$A$4:$A$103,0)),0)) -> 0 | G16: =IF(A16="","",SUMIFS('Gold Log'!$F$4:$F$1000,'Gold Log'!$B$4:$B$1000,A16)) | H16: =IF(A16="","",F16+G16) | K16: =IF(A16="","",IF(H16>='Reference Tables'!$B$16,"Yes — issue Black card","-"))
... F103: =IF(E103="",0,IFERROR(INDEX('Silver Registry'!$H$4:$H$103,MATCH(E103,'Silver Registry'!$A$4:$A$103,0)),0)) -> 0 | G103: =IF(A103="","",SUMIFS('Gold Log'!$F$4:$F$1000,'Gold Log'!$B$4:$B$1000,A103)) | H103: =IF(A103="","",F103+G103) | K103: =IF(A103="","",IF(H103>='Reference Tables'!$B$16,"Yes — issue Black card","-"))

Sheet Gold Log
A1: Gold Transaction Log
A2: Every token purchase made by a Gold card holder. Yellow = type it in.
A3: Date | B3: Card ID | C3: Member Name | D3: Package Purchased | E3: Cash Value (₱) | F3: Points Earned | G3: Discount % | H3: Discount Eligible (₱150+) | I3: Discount Amount (₱) | J3: Amount to Collect (₱) | K3: Staff / Cashier | L3: Notes
A4: 2026-08-10 | B4: DLA-G-000001 | C4: =IF(B4="","",IFERROR(INDEX('Gold Registry'!$B$4:$B$103,MATCH(B4,'Gold Registry'!$A$4:$A$103,0)),"Not found")) -> Juan Dela Cruz | D4: 20 Tokens | E4: =IF(D4="","",IFERROR(INDEX('Reference Tables'!$B$3:$B$8,MATCH(D4,'Reference Tables'!$A$3:$A$8,0)),"Invalid package")) -> 100 | F4: =IF(D4="","",IFERROR(INDEX('Reference Tables'!$C$3:$C$8,MATCH(D4,'Reference Tables'!$A$3:$A$8,0)),"Invalid package")) -> 10 | G4: =IF(E4="","",'Reference Tables'!$C$15) -> 0.1 | H4: =IF(E4="","",IF(E4>=150,"Yes","No")) -> No | I4: =IF(E4="","",IF(H4="Yes",E4*G4,0)) -> 0 | J4: =IF(E4="","",E4-I4) -> 100 | K4: Anne | L4: Example entry
C5: =IF(B5="","",IFERROR(INDEX('Gold Registry'!$B$4:$B$103,MATCH(B5,'Gold Registry'!$A$4:$A$103,0)),"Not found")) | E5: =IF(D5="","",IFERROR(INDEX('Reference Tables'!$B$3:$B$8,MATCH(D5,'Reference Tables'!$A$3:$A$8,0)),"Invalid package")) | F5: =IF(D5="","",IFERROR(INDEX('Reference Tables'!$C$3:$C$8,MATCH(D5,'Reference Tables'!$A$3:$A$8,0)),"Invalid package")) | G5: =IF(E5="","",'Reference Tables'!$C$15) | H5: =IF(E5="","",IF(E5>=150,"Yes","No")) | I5: =IF(E5="","",IF(H5="Yes",E5*G5,0)) | J5: =IF(E5="","",E5-I5)
C6: =IF(B6="","",IFERROR(INDEX('Gold Registry'!$B$4:$B$103,MATCH(B6,'Gold Registry'!$A$4:$A$103,0)),"Not found")) | E6: =IF(D6="","",IFERROR(INDEX('Reference Tables'!$B$3:$B$8,MATCH(D6,'Reference Tables'!$A$3:$A$8,0)),"Invalid package")) | F6: =IF(D6="","",IFERROR(INDEX('Reference Tables'!$C$3:$C$8,MATCH(D6,'Reference Tables'!$A$3:$A$8,0)),"Invalid package")) | G6: =IF(E6="","",'Reference Tables'!$C$15) | H6: =IF(E6="","",IF(E6>=150,"Yes","No")) | I6: =IF(E6="","",IF(H6="Yes",E6*G6,0)) | J6: =IF(E6="","",E6-I6)
C7: =IF(B7="","",IFERROR(INDEX('Gold Registry'!$B$4:$B$103,MATCH(B7,'Gold Registry'!$A$4:$A$103,0)),"Not found")) | E7: =IF(D7="","",IFERROR(INDEX('Reference Tables'!$B$3:$B$8,MATCH(D7,'Reference Tables'!$A$3:$A$8,0)),"Invalid package")) | F7: =IF(D7="","",IFERROR(INDEX('Reference Tables'!$C$3:$C$8,MATCH(D7,'Reference Tables'!$A$3:$A$8,0)),"Invalid package")) | G7: =IF(E7="","",'Reference Tables'!$C$15) | H7: =IF(E7="","",IF(E7>=150,"Yes","No")) | I7: =IF(E7="","",IF(H7="Yes",E7*G7,0)) | J7: =IF(E7="","",E7-I7)
C8: =IF(B8="","",IFERROR(INDEX('Gold Registry'!$B$4:$B$103,MATCH(B8,'Gold Registry'!$A$4:$A$103,0)),"Not found")) | E8: =IF(D8="","",IFERROR(INDEX('Reference Tables'!$B$3:$B$8,MATCH(D8,'Reference Tables'!$A$3:$A$8,0)),"Invalid package")) | F8: =IF(D8="","",IFERROR(INDEX('Reference Tables'!$C$3:$C$8,MATCH(D8,'Reference Tables'!$A$3:$A$8,0)),"Invalid package")) | G8: =IF(E8="","",'Reference Tables'!$C$15) | H8: =IF(E8="","",IF(E8>=150,"Yes","No")) | I8: =IF(E8="","",IF(H8="Yes",E8*G8,0)) | J8: =IF(E8="","",E8-I8)
C9: =IF(B9="","",IFERROR(INDEX('Gold Registry'!$B$4:$B$103,MATCH(B9,'Gold Registry'!$A$4:$A$103,0)),"Not found")) | E9: =IF(D9="","",IFERROR(INDEX('Reference Tables'!$B$3:$B$8,MATCH(D9,'Reference Tables'!$A$3:$A$8,0)),"Invalid package")) | F9: =IF(D9="","",IFERROR(INDEX('Reference Tables'!$C$3:$C$8,MATCH(D9,'Reference Tables'!$A$3:$A$8,0)),"Invalid package")) | G9: =IF(E9="","",'Reference Tables'!$C$15) | H9: =IF(E9="","",IF(E9>=150,"Yes","No")) | I9: =IF(E9="","",IF(H9="Yes",E9*G9,0)) | J9: =IF(E9="","",E9-I9)
C10: =IF(B10="","",IFERROR(INDEX('Gold Registry'!$B$4:$B$103,MATCH(B10,'Gold Registry'!$A$4:$A$103,0)),"Not found")) | E10: =IF(D10="","",IFERROR(INDEX('Reference Tables'!$B$3:$B$8,MATCH(D10,'Reference Tables'!$A$3:$A$8,0)),"Invalid package")) | F10: =IF(D10="","",IFERROR(INDEX('Reference Tables'!$C$3:$C$8,MATCH(D10,'Reference Tables'!$A$3:$A$8,0)),"Invalid package")) | G10: =IF(E10="","",'Reference Tables'!$C$15) | H10: =IF(E10="","",IF(E10>=150,"Yes","No")) | I10: =IF(E10="","",IF(H10="Yes",E10*G10,0)) | J10: =IF(E10="","",E10-I10)
C11: =IF(B11="","",IFERROR(INDEX('Gold Registry'!$B$4:$B$103,MATCH(B11,'Gold Registry'!$A$4:$A$103,0)),"Not found")) | E11: =IF(D11="","",IFERROR(INDEX('Reference Tables'!$B$3:$B$8,MATCH(D11,'Reference Tables'!$A$3:$A$8,0)),"Invalid package")) | F11: =IF(D11="","",IFERROR(INDEX('Reference Tables'!$C$3:$C$8,MATCH(D11,'Reference Tables'!$A$3:$A$8,0)),"Invalid package")) | G11: =IF(E11="","",'Reference Tables'!$C$15) | H11: =IF(E11="","",IF(E11>=150,"Yes","No")) | I11: =IF(E11="","",IF(H11="Yes",E11*G11,0)) | J11: =IF(E11="","",E11-I11)
C12: =IF(B12="","",IFERROR(INDEX('Gold Registry'!$B$4:$B$103,MATCH(B12,'Gold Registry'!$A$4:$A$103,0)),"Not found")) | E12: =IF(D12="","",IFERROR(INDEX('Reference Tables'!$B$3:$B$8,MATCH(D12,'Reference Tables'!$A$3:$A$8,0)),"Invalid package")) | F12: =IF(D12="","",IFERROR(INDEX('Reference Tables'!$C$3:$C$8,MATCH(D12,'Reference Tables'!$A$3:$A$8,0)),"Invalid package")) | G12: =IF(E12="","",'Reference Tables'!$C$15) | H12: =IF(E12="","",IF(E12>=150,"Yes","No")) | I12: =IF(E12="","",IF(H12="Yes",E12*G12,0)) | J12: =IF(E12="","",E12-I12)
C13: =IF(B13="","",IFERROR(INDEX('Gold Registry'!$B$4:$B$103,MATCH(B13,'Gold Registry'!$A$4:$A$103,0)),"Not found")) | E13: =IF(D13="","",IFERROR(INDEX('Reference Tables'!$B$3:$B$8,MATCH(D13,'Reference Tables'!$A$3:$A$8,0)),"Invalid package")) | F13: =IF(D13="","",IFERROR(INDEX('Reference Tables'!$C$3:$C$8,MATCH(D13,'Reference Tables'!$A$3:$A$8,0)),"Invalid package")) | G13: =IF(E13="","",'Reference Tables'!$C$15) | H13: =IF(E13="","",IF(E13>=150,"Yes","No")) | I13: =IF(E13="","",IF(H13="Yes",E13*G13,0)) | J13: =IF(E13="","",E13-I13)
C14: =IF(B14="","",IFERROR(INDEX('Gold Registry'!$B$4:$B$103,MATCH(B14,'Gold Registry'!$A$4:$A$103,0)),"Not found")) | E14: =IF(D14="","",IFERROR(INDEX('Reference Tables'!$B$3:$B$8,MATCH(D14,'Reference Tables'!$A$3:$A$8,0)),"Invalid package")) | F14: =IF(D14="","",IFERROR(INDEX('Reference Tables'!$C$3:$C$8,MATCH(D14,'Reference Tables'!$A$3:$A$8,0)),"Invalid package")) | G14: =IF(E14="","",'Reference Tables'!$C$15) | H14: =IF(E14="","",IF(E14>=150,"Yes","No")) | I14: =IF(E14="","",IF(H14="Yes",E14*G14,0)) | J14: =IF(E14="","",E14-I14)
C15: =IF(B15="","",IFERROR(INDEX('Gold Registry'!$B$4:$B$103,MATCH(B15,'Gold Registry'!$A$4:$A$103,0)),"Not found")) | E15: =IF(D15="","",IFERROR(INDEX('Reference Tables'!$B$3:$B$8,MATCH(D15,'Reference Tables'!$A$3:$A$8,0)),"Invalid package")) | F15: =IF(D15="","",IFERROR(INDEX('Reference Tables'!$C$3:$C$8,MATCH(D15,'Reference Tables'!$A$3:$A$8,0)),"Invalid package")) | G15: =IF(E15="","",'Reference Tables'!$C$15) | H15: =IF(E15="","",IF(E15>=150,"Yes","No")) | I15: =IF(E15="","",IF(H15="Yes",E15*G15,0)) | J15: =IF(E15="","",E15-I15)
C16: =IF(B16="","",IFERROR(INDEX('Gold Registry'!$B$4:$B$103,MATCH(B16,'Gold Registry'!$A$4:$A$103,0)),"Not found")) | E16: =IF(D16="","",IFERROR(INDEX('Reference Tables'!$B$3:$B$8,MATCH(D16,'Reference Tables'!$A$3:$A$8,0)),"Invalid package")) | F16: =IF(D16="","",IFERROR(INDEX('Reference Tables'!$C$3:$C$8,MATCH(D16,'Reference Tables'!$A$3:$A$8,0)),"Invalid package")) | G16: =IF(E16="","",'Reference Tables'!$C$15) | H16: =IF(E16="","",IF(E16>=150,"Yes","No")) | I16: =IF(E16="","",IF(H16="Yes",E16*G16,0)) | J16: =IF(E16="","",E16-I16)
... C253: =IF(B253="","",IFERROR(INDEX('Gold Registry'!$B$4:$B$103,MATCH(B253,'Gold Registry'!$A$4:$A$103,0)),"Not found")) | E253: =IF(D253="","",IFERROR(INDEX('Reference Tables'!$B$3:$B$8,MATCH(D253,'Reference Tables'!$A$3:$A$8,0)),"Invalid package")) | F253: =IF(D253="","",IFERROR(INDEX('Reference Tables'!$C$3:$C$8,MATCH(D253,'Reference Tables'!$A$3:$A$8,0)),"Invalid package")) | G253: =IF(E253="","",'Reference Tables'!$C$15) | H253: =IF(E253="","",IF(E253>=150,"Yes","No")) | I253: =IF(E253="","",IF(H253="Yes",E253*G253,0)) | J253: =IF(E253="","",E253-I253)

Sheet Black Registry
A1: Black Registry
A2: Members currently holding a Black card. Yellow = type it in.
A3: Card ID | B3: Member Name | C3: Contact Number | D3: Date Registered | E3: Previous Card ID | F3: Points Carried Over | G3: Points Earned (This Card) | H3: Total Points | I3: Welcome Bonus Issued (Y/N) | J3: Status (Active/Upgraded) | K3: Ready to Upgrade?
A4: DLA-B-000001 | B4: Juan Dela Cruz | C4: 0917-123-4567 | D4: 2026-01-15 | E4: DLA-G-000001 | F4: =IF(E4="",0,IFERROR(INDEX('Gold Registry'!$H$4:$H$103,MATCH(E4,'Gold Registry'!$A$4:$A$103,0)),0)) -> 30 | G4: =IF(A4="","",SUMIFS('Black Log'!$F$4:$F$1000,'Black Log'!$B$4:$B$1000,A4)) -> 10 | H4: =IF(A4="","",F4+G4) -> 40 | I4: N | J4: Active | K4: =IF(A4="","","Highest tier — no upgrade") -> Highest tier — no upgrade
F5: =IF(E5="",0,IFERROR(INDEX('Gold Registry'!$H$4:$H$103,MATCH(E5,'Gold Registry'!$A$4:$A$103,0)),0)) -> 0 | G5: =IF(A5="","",SUMIFS('Black Log'!$F$4:$F$1000,'Black Log'!$B$4:$B$1000,A5)) | H5: =IF(A5="","",F5+G5) | K5: =IF(A5="","","Highest tier — no upgrade")
F6: =IF(E6="",0,IFERROR(INDEX('Gold Registry'!$H$4:$H$103,MATCH(E6,'Gold Registry'!$A$4:$A$103,0)),0)) -> 0 | G6: =IF(A6="","",SUMIFS('Black Log'!$F$4:$F$1000,'Black Log'!$B$4:$B$1000,A6)) | H6: =IF(A6="","",F6+G6) | K6: =IF(A6="","","Highest tier — no upgrade")
F7: =IF(E7="",0,IFERROR(INDEX('Gold Registry'!$H$4:$H$103,MATCH(E7,'Gold Registry'!$A$4:$A$103,0)),0)) -> 0 | G7: =IF(A7="","",SUMIFS('Black Log'!$F$4:$F$1000,'Black Log'!$B$4:$B$1000,A7)) | H7: =IF(A7="","",F7+G7) | K7: =IF(A7="","","Highest tier — no upgrade")
F8: =IF(E8="",0,IFERROR(INDEX('Gold Registry'!$H$4:$H$103,MATCH(E8,'Gold Registry'!$A$4:$A$103,0)),0)) -> 0 | G8: =IF(A8="","",SUMIFS('Black Log'!$F$4:$F$1000,'Black Log'!$B$4:$B$1000,A8)) | H8: =IF(A8="","",F8+G8) | K8: =IF(A8="","","Highest tier — no upgrade")
F9: =IF(E9="",0,IFERROR(INDEX('Gold Registry'!$H$4:$H$103,MATCH(E9,'Gold Registry'!$A$4:$A$103,0)),0)) -> 0 | G9: =IF(A9="","",SUMIFS('Black Log'!$F$4:$F$1000,'Black Log'!$B$4:$B$1000,A9)) | H9: =IF(A9="","",F9+G9) | K9: =IF(A9="","","Highest tier — no upgrade")
F10: =IF(E10="",0,IFERROR(INDEX('Gold Registry'!$H$4:$H$103,MATCH(E10,'Gold Registry'!$A$4:$A$103,0)),0)) -> 0 | G10: =IF(A10="","",SUMIFS('Black Log'!$F$4:$F$1000,'Black Log'!$B$4:$B$1000,A10)) | H10: =IF(A10="","",F10+G10) | K10: =IF(A10="","","Highest tier — no upgrade")
F11: =IF(E11="",0,IFERROR(INDEX('Gold Registry'!$H$4:$H$103,MATCH(E11,'Gold Registry'!$A$4:$A$103,0)),0)) -> 0 | G11: =IF(A11="","",SUMIFS('Black Log'!$F$4:$F$1000,'Black Log'!$B$4:$B$1000,A11)) | H11: =IF(A11="","",F11+G11) | K11: =IF(A11="","","Highest tier — no upgrade")
F12: =IF(E12="",0,IFERROR(INDEX('Gold Registry'!$H$4:$H$103,MATCH(E12,'Gold Registry'!$A$4:$A$103,0)),0)) -> 0 | G12: =IF(A12="","",SUMIFS('Black Log'!$F$4:$F$1000,'Black Log'!$B$4:$B$1000,A12)) | H12: =IF(A12="","",F12+G12) | K12: =IF(A12="","","Highest tier — no upgrade")
F13: =IF(E13="",0,IFERROR(INDEX('Gold Registry'!$H$4:$H$103,MATCH(E13,'Gold Registry'!$A$4:$A$103,0)),0)) -> 0 | G13: =IF(A13="","",SUMIFS('Black Log'!$F$4:$F$1000,'Black Log'!$B$4:$B$1000,A13)) | H13: =IF(A13="","",F13+G13) | K13: =IF(A13="","","Highest tier — no upgrade")
F14: =IF(E14="",0,IFERROR(INDEX('Gold Registry'!$H$4:$H$103,MATCH(E14,'Gold Registry'!$A$4:$A$103,0)),0)) -> 0 | G14: =IF(A14="","",SUMIFS('Black Log'!$F$4:$F$1000,'Black Log'!$B$4:$B$1000,A14)) | H14: =IF(A14="","",F14+G14) | K14: =IF(A14="","","Highest tier — no upgrade")
F15: =IF(E15="",0,IFERROR(INDEX('Gold Registry'!$H$4:$H$103,MATCH(E15,'Gold Registry'!$A$4:$A$103,0)),0)) -> 0 | G15: =IF(A15="","",SUMIFS('Black Log'!$F$4:$F$1000,'Black Log'!$B$4:$B$1000,A15)) | H15: =IF(A15="","",F15+G15) | K15: =IF(A15="","","Highest tier — no upgrade")
F16: =IF(E16="",0,IFERROR(INDEX('Gold Registry'!$H$4:$H$103,MATCH(E16,'Gold Registry'!$A$4:$A$103,0)),0)) -> 0 | G16: =IF(A16="","",SUMIFS('Black Log'!$F$4:$F$1000,'Black Log'!$B$4:$B$1000,A16)) | H16: =IF(A16="","",F16+G16) | K16: =IF(A16="","","Highest tier — no upgrade")
... F103: =IF(E103="",0,IFERROR(INDEX('Gold Registry'!$H$4:$H$103,MATCH(E103,'Gold Registry'!$A$4:$A$103,0)),0)) -> 0 | G103: =IF(A103="","",SUMIFS('Black Log'!$F$4:$F$1000,'Black Log'!$B$4:$B$1000,A103)) | H103: =IF(A103="","",F103+G103) | K103: =IF(A103="","","Highest tier — no upgrade")

Sheet Black Log
A1: Black Transaction Log
A2: Every token purchase made by a Black card holder. Yellow = type it in.
A3: Date | B3: Card ID | C3: Member Name | D3: Package Purchased | E3: Cash Value (₱) | F3: Points Earned | G3: Discount % | H3: Discount Eligible (₱150+) | I3: Discount Amount (₱) | J3: Amount to Collect (₱) | K3: Staff / Cashier | L3: Notes
A4: 2026-08-10 | B4: DLA-B-000001 | C4: =IF(B4="","",IFERROR(INDEX('Black Registry'!$B$4:$B$103,MATCH(B4,'Black Registry'!$A$4:$A$103,0)),"Not found")) -> Juan Dela Cruz | D4: 20 Tokens | E4: =IF(D4="","",IFERROR(INDEX('Reference Tables'!$B$3:$B$8,MATCH(D4,'Reference Tables'!$A$3:$A$8,0)),"Invalid package")) -> 100 | F4: =IF(D4="","",IFERROR(INDEX('Reference Tables'!$C$3:$C$8,MATCH(D4,'Reference Tables'!$A$3:$A$8,0)),"Invalid package")) -> 10 | G4: =IF(E4="","",'Reference Tables'!$C$16) -> 0.15 | H4: =IF(E4="","",IF(E4>=150,"Yes","No")) -> No | I4: =IF(E4="","",IF(H4="Yes",E4*G4,0)) -> 0 | J4: =IF(E4="","",E4-I4) -> 100 | K4: Anne | L4: Example entry
C5: =IF(B5="","",IFERROR(INDEX('Black Registry'!$B$4:$B$103,MATCH(B5,'Black Registry'!$A$4:$A$103,0)),"Not found")) | E5: =IF(D5="","",IFERROR(INDEX('Reference Tables'!$B$3:$B$8,MATCH(D5,'Reference Tables'!$A$3:$A$8,0)),"Invalid package")) | F5: =IF(D5="","",IFERROR(INDEX('Reference Tables'!$C$3:$C$8,MATCH(D5,'Reference Tables'!$A$3:$A$8,0)),"Invalid package")) | G5: =IF(E5="","",'Reference Tables'!$C$16) | H5: =IF(E5="","",IF(E5>=150,"Yes","No")) | I5: =IF(E5="","",IF(H5="Yes",E5*G5,0)) | J5: =IF(E5="","",E5-I5)
C6: =IF(B6="","",IFERROR(INDEX('Black Registry'!$B$4:$B$103,MATCH(B6,'Black Registry'!$A$4:$A$103,0)),"Not found")) | E6: =IF(D6="","",IFERROR(INDEX('Reference Tables'!$B$3:$B$8,MATCH(D6,'Reference Tables'!$A$3:$A$8,0)),"Invalid package")) | F6: =IF(D6="","",IFERROR(INDEX('Reference Tables'!$C$3:$C$8,MATCH(D6,'Reference Tables'!$A$3:$A$8,0)),"Invalid package")) | G6: =IF(E6="","",'Reference Tables'!$C$16) | H6: =IF(E6="","",IF(E6>=150,"Yes","No")) | I6: =IF(E6="","",IF(H6="Yes",E6*G6,0)) | J6: =IF(E6="","",E6-I6)
C7: =IF(B7="","",IFERROR(INDEX('Black Registry'!$B$4:$B$103,MATCH(B7,'Black Registry'!$A$4:$A$103,0)),"Not found")) | E7: =IF(D7="","",IFERROR(INDEX('Reference Tables'!$B$3:$B$8,MATCH(D7,'Reference Tables'!$A$3:$A$8,0)),"Invalid package")) | F7: =IF(D7="","",IFERROR(INDEX('Reference Tables'!$C$3:$C$8,MATCH(D7,'Reference Tables'!$A$3:$A$8,0)),"Invalid package")) | G7: =IF(E7="","",'Reference Tables'!$C$16) | H7: =IF(E7="","",IF(E7>=150,"Yes","No")) | I7: =IF(E7="","",IF(H7="Yes",E7*G7,0)) | J7: =IF(E7="","",E7-I7)
C8: =IF(B8="","",IFERROR(INDEX('Black Registry'!$B$4:$B$103,MATCH(B8,'Black Registry'!$A$4:$A$103,0)),"Not found")) | E8: =IF(D8="","",IFERROR(INDEX('Reference Tables'!$B$3:$B$8,MATCH(D8,'Reference Tables'!$A$3:$A$8,0)),"Invalid package")) | F8: =IF(D8="","",IFERROR(INDEX('Reference Tables'!$C$3:$C$8,MATCH(D8,'Reference Tables'!$A$3:$A$8,0)),"Invalid package")) | G8: =IF(E8="","",'Reference Tables'!$C$16) | H8: =IF(E8="","",IF(E8>=150,"Yes","No")) | I8: =IF(E8="","",IF(H8="Yes",E8*G8,0)) | J8: =IF(E8="","",E8-I8)
C9: =IF(B9="","",IFERROR(INDEX('Black Registry'!$B$4:$B$103,MATCH(B9,'Black Registry'!$A$4:$A$103,0)),"Not found")) | E9: =IF(D9="","",IFERROR(INDEX('Reference Tables'!$B$3:$B$8,MATCH(D9,'Reference Tables'!$A$3:$A$8,0)),"Invalid package")) | F9: =IF(D9="","",IFERROR(INDEX('Reference Tables'!$C$3:$C$8,MATCH(D9,'Reference Tables'!$A$3:$A$8,0)),"Invalid package")) | G9: =IF(E9="","",'Reference Tables'!$C$16) | H9: =IF(E9="","",IF(E9>=150,"Yes","No")) | I9: =IF(E9="","",IF(H9="Yes",E9*G9,0)) | J9: =IF(E9="","",E9-I9)
C10: =IF(B10="","",IFERROR(INDEX('Black Registry'!$B$4:$B$103,MATCH(B10,'Black Registry'!$A$4:$A$103,0)),"Not found")) | E10: =IF(D10="","",IFERROR(INDEX('Reference Tables'!$B$3:$B$8,MATCH(D10,'Reference Tables'!$A$3:$A$8,0)),"Invalid package")) | F10: =IF(D10="","",IFERROR(INDEX('Reference Tables'!$C$3:$C$8,MATCH(D10,'Reference Tables'!$A$3:$A$8,0)),"Invalid package")) | G10: =IF(E10="","",'Reference Tables'!$C$16) | H10: =IF(E10="","",IF(E10>=150,"Yes","No")) | I10: =IF(E10="","",IF(H10="Yes",E10*G10,0)) | J10: =IF(E10="","",E10-I10)
C11: =IF(B11="","",IFERROR(INDEX('Black Registry'!$B$4:$B$103,MATCH(B11,'Black Registry'!$A$4:$A$103,0)),"Not found")) | E11: =IF(D11="","",IFERROR(INDEX('Reference Tables'!$B$3:$B$8,MATCH(D11,'Reference Tables'!$A$3:$A$8,0)),"Invalid package")) | F11: =IF(D11="","",IFERROR(INDEX('Reference Tables'!$C$3:$C$8,MATCH(D11,'Reference Tables'!$A$3:$A$8,0)),"Invalid package")) | G11: =IF(E11="","",'Reference Tables'!$C$16) | H11: =IF(E11="","",IF(E11>=150,"Yes","No")) | I11: =IF(E11="","",IF(H11="Yes",E11*G11,0)) | J11: =IF(E11="","",E11-I11)
C12: =IF(B12="","",IFERROR(INDEX('Black Registry'!$B$4:$B$103,MATCH(B12,'Black Registry'!$A$4:$A$103,0)),"Not found")) | E12: =IF(D12="","",IFERROR(INDEX('Reference Tables'!$B$3:$B$8,MATCH(D12,'Reference Tables'!$A$3:$A$8,0)),"Invalid package")) | F12: =IF(D12="","",IFERROR(INDEX('Reference Tables'!$C$3:$C$8,MATCH(D12,'Reference Tables'!$A$3:$A$8,0)),"Invalid package")) | G12: =IF(E12="","",'Reference Tables'!$C$16) | H12: =IF(E12="","",IF(E12>=150,"Yes","No")) | I12: =IF(E12="","",IF(H12="Yes",E12*G12,0)) | J12: =IF(E12="","",E12-I12)
C13: =IF(B13="","",IFERROR(INDEX('Black Registry'!$B$4:$B$103,MATCH(B13,'Black Registry'!$A$4:$A$103,0)),"Not found")) | E13: =IF(D13="","",IFERROR(INDEX('Reference Tables'!$B$3:$B$8,MATCH(D13,'Reference Tables'!$A$3:$A$8,0)),"Invalid package")) | F13: =IF(D13="","",IFERROR(INDEX('Reference Tables'!$C$3:$C$8,MATCH(D13,'Reference Tables'!$A$3:$A$8,0)),"Invalid package")) | G13: =IF(E13="","",'Reference Tables'!$C$16) | H13: =IF(E13="","",IF(E13>=150,"Yes","No")) | I13: =IF(E13="","",IF(H13="Yes",E13*G13,0)) | J13: =IF(E13="","",E13-I13)
C14: =IF(B14="","",IFERROR(INDEX('Black Registry'!$B$4:$B$103,MATCH(B14,'Black Registry'!$A$4:$A$103,0)),"Not found")) | E14: =IF(D14="","",IFERROR(INDEX('Reference Tables'!$B$3:$B$8,MATCH(D14,'Reference Tables'!$A$3:$A$8,0)),"Invalid package")) | F14: =IF(D14="","",IFERROR(INDEX('Reference Tables'!$C$3:$C$8,MATCH(D14,'Reference Tables'!$A$3:$A$8,0)),"Invalid package")) | G14: =IF(E14="","",'Reference Tables'!$C$16) | H14: =IF(E14="","",IF(E14>=150,"Yes","No")) | I14: =IF(E14="","",IF(H14="Yes",E14*G14,0)) | J14: =IF(E14="","",E14-I14)
C15: =IF(B15="","",IFERROR(INDEX('Black Registry'!$B$4:$B$103,MATCH(B15,'Black Registry'!$A$4:$A$103,0)),"Not found")) | E15: =IF(D15="","",IFERROR(INDEX('Reference Tables'!$B$3:$B$8,MATCH(D15,'Reference Tables'!$A$3:$A$8,0)),"Invalid package")) | F15: =IF(D15="","",IFERROR(INDEX('Reference Tables'!$C$3:$C$8,MATCH(D15,'Reference Tables'!$A$3:$A$8,0)),"Invalid package")) | G15: =IF(E15="","",'Reference Tables'!$C$16) | H15: =IF(E15="","",IF(E15>=150,"Yes","No")) | I15: =IF(E15="","",IF(H15="Yes",E15*G15,0)) | J15: =IF(E15="","",E15-I15)
C16: =IF(B16="","",IFERROR(INDEX('Black Registry'!$B$4:$B$103,MATCH(B16,'Black Registry'!$A$4:$A$103,0)),"Not found")) | E16: =IF(D16="","",IFERROR(INDEX('Reference Tables'!$B$3:$B$8,MATCH(D16,'Reference Tables'!$A$3:$A$8,0)),"Invalid package")) | F16: =IF(D16="","",IFERROR(INDEX('Reference Tables'!$C$3:$C$8,MATCH(D16,'Reference Tables'!$A$3:$A$8,0)),"Invalid package")) | G16: =IF(E16="","",'Reference Tables'!$C$16) | H16: =IF(E16="","",IF(E16>=150,"Yes","No")) | I16: =IF(E16="","",IF(H16="Yes",E16*G16,0)) | J16: =IF(E16="","",E16-I16)
... C253: =IF(B253="","",IFERROR(INDEX('Black Registry'!$B$4:$B$103,MATCH(B253,'Black Registry'!$A$4:$A$103,0)),"Not found")) | E253: =IF(D253="","",IFERROR(INDEX('Reference Tables'!$B$3:$B$8,MATCH(D253,'Reference Tables'!$A$3:$A$8,0)),"Invalid package")) | F253: =IF(D253="","",IFERROR(INDEX('Reference Tables'!$C$3:$C$8,MATCH(D253,'Reference Tables'!$A$3:$A$8,0)),"Invalid package")) | G253: =IF(E253="","",'Reference Tables'!$C$16) | H253: =IF(E253="","",IF(E253>=150,"Yes","No")) | I253: =IF(E253="","",IF(H253="Yes",E253*G253,0)) | J253: =IF(E253="","",E253-I253)
